ItemID,ItemName,ItemDescription,UnitPrice,StockQuantity
ITEM0001,Surgical Mask,Description for Surgical Mask,$111.34,808
ITEM0002,General Use Scalpel,Description for General Use Scalpel,$456.98,542
ITEM0003,Disposable IV Kit,Description for Disposable IV Kit,$37.02,305
ITEM0004,Sterile Gloves,Description for Sterile Gloves,$380.61,259
ITEM0005,Pediatric Mask,Description for Pediatric Mask,$419.81,377
ITEM0006,Pediatric Suture Kit,Description for Pediatric Suture Kit,$107.34,118
ITEM0007,General Use Mask,Description for General Use Mask,$23.17,31
ITEM0008,Surgical IV Kit,Description for Surgical IV Kit,$22.90,888
ITEM0009,Surgical Mask,Description for Surgical Mask,$407.19,456
ITEM0010,Pediatric Syringe,Description for Pediatric Syringe,$348.73,552
ITEM0011,Surgical Scalpel,Description for Surgical Scalpel,$248.62,632
ITEM0012,General Use Gauze,Description for General Use Gauze,$98.95,156
ITEM0013,General Use Bandage,Description for General Use Bandage,$43.39,653
ITEM0014,General Use Bandage,Description for General Use Bandage,$236.45,189
ITEM0015,Sterile Bandage,Description for Sterile Bandage,$51.14,921
ITEM0016,Surgical Catheter,Description for Surgical Catheter,$72.48,769
ITEM0017,General Use Bandage,Description for General Use Bandage,$387.85,352
ITEM0018,Disposable Scalpel,Description for Disposable Scalpel,$46.16,942
ITEM0019,Pediatric IV Kit,Description for Pediatric IV Kit,$422.15,841
ITEM0020,Surgical Bandage,Description for Surgical Bandage,$153.72,588
ITEM0021,Surgical Mask,Description for Surgical Mask,$145.01,161
ITEM0022,Sterile Suture Kit,Description for Sterile Suture Kit,$266.66,708
ITEM0023,Disposable Gauze,Description for Disposable Gauze,$291.34,-38
ITEM0024,General Use Gauze,Description for General Use Gauze,$34.12,-105
ITEM0025,Pediatric Mask,Description for Pediatric Mask,$162.76,26
ITEM0026,General Use Syringe,Description for General Use Syringe,$338.22,241
ITEM0027,Disposable IV Kit,Description for Disposable IV Kit,$480.59,759
ITEM0028,Disposable Scalpel,Description for Disposable Scalpel,$148.81,851
ITEM0029,Sterile Syringe,Description for Sterile Syringe,$61.09,788
ITEM0030,Surgical Gloves,Description for Surgical Gloves,$243.64,373
ITEM0031,Surgical Gauze,Description for Surgical Gauze,$387.79,546
ITEM0032,Disposable Syringe,Description for Disposable Syringe,$371.25,210
ITEM0033,Surgical Suture Kit,Description for Surgical Suture Kit,$107.18,993
ITEM0034,Pediatric Gloves,Description for Pediatric Gloves,$239.59,877
ITEM0035,Surgical Catheter,Description for Surgical Catheter,$368.09,994
ITEM0036,Sterile Syringe,Description for Sterile Syringe,$374.89,869
ITEM0037,Disposable Suture Kit,Description for Disposable Suture Kit,$448.78,347
ITEM0038,Surgical Gloves,Description for Surgical Gloves,$484.84,479
ITEM0039,Surgical Catheter,Description for Surgical Catheter,$314.80,560
ITEM0040,Sterile Gloves,Description for Sterile Gloves,$12.17,155
ITEM0041,General Use Catheter,Description for General Use Catheter,$88.58,568
ITEM0042,Surgical Scalpel,Description for Surgical Scalpel,$259.98,674
ITEM0043,Surgical Scalpel,Description for Surgical Scalpel,$324.62,894
ITEM0044,Disposable Scalpel,Description for Disposable Scalpel,$307.20,540
ITEM0045,Sterile Catheter,Description for Sterile Catheter,$338.59,41
ITEM0046,Pediatric Catheter,Description for Pediatric Catheter,$111.98,376
ITEM0047,Disposable Gloves,Description for Disposable Gloves,$10.74,307
ITEM0048,Pediatric Mask,Description for Pediatric Mask,$446.58,592
ITEM0049,Surgical IV Kit,Description for Surgical IV Kit,$284.28,376
ITEM0050,General Use Syringe,Description for General Use Syringe,$179.47,728
ITEM0051,Surgical Bandage,Description for Surgical Bandage,$290.49,411
ITEM0052,Pediatric Catheter,Description for Pediatric Catheter,$225.77,896
ITEM0053,General Use Syringe,Description for General Use Syringe,$108.49,798
ITEM0054,Surgical Suture Kit,Description for Surgical Suture Kit,$73.53,667
ITEM0055,Disposable Mask,Description for Disposable Mask,$160.36,251
ITEM0056,Disposable Scalpel,Description for Disposable Scalpel,$269.80,441
ITEM0057,Disposable Catheter,Description for Disposable Catheter,$177.47,226
ITEM0058,Surgical Bandage,Description for Surgical Bandage,$102.57,328
ITEM0059,Disposable Mask,Description for Disposable Mask,$472.79,730
ITEM0060,Sterile Gloves,Description for Sterile Gloves,$29.73,854
ITEM0061,Surgical Suture Kit,Description for Surgical Suture Kit,$387.82,814
ITEM0062,Sterile Catheter,Description for Sterile Catheter,$282.57,326
ITEM0063,General Use Mask,Description for General Use Mask,$419.54,873
ITEM0064,Surgical Gauze,Description for Surgical Gauze,$9.93,106
ITEM0065,Surgical Scalpel,Description for Surgical Scalpel,$198.77,727
ITEM0066,Disposable Gloves,Description for Disposable Gloves,$421.52,352
ITEM0067,Sterile Suture Kit,Description for Sterile Suture Kit,$418.79,123
ITEM0068,Sterile Mask,Description for Sterile Mask,$351.81,632
ITEM0069,Surgical IV Kit,Description for Surgical IV Kit,$312.22,358
ITEM0070,Disposable Mask,Description for Disposable Mask,$279.99,828
ITEM0071,General Use Gloves,Description for General Use Gloves,$52.69,365
ITEM0072,Surgical Scalpel,Description for Surgical Scalpel,$302.88,213
ITEM0073,General Use Scalpel,Description for General Use Scalpel,$353.78,363
ITEM0074,Sterile Mask,Description for Sterile Mask,$82.11,805
ITEM0075,Surgical IV Kit,Description for Surgical IV Kit,$117.92,520
ITEM0076,Surgical Gauze,Description for Surgical Gauze,$337.21,793
ITEM0077,Disposable Bandage,Description for Disposable Bandage,$199.18,649
ITEM0078,Pediatric Mask,Description for Pediatric Mask,$160.49,641
ITEM0079,Surgical Bandage,Description for Surgical Bandage,$365.43,821
ITEM0080,Sterile Bandage,Description for Sterile Bandage,$66.11,9
ITEM0081,Sterile Syringe,Description for Sterile Syringe,$31.48,145
ITEM0082,General Use Suture Kit,Description for General Use Suture Kit,$349.84,626
ITEM0083,Surgical Scalpel,Description for Surgical Scalpel,$373.43,636
ITEM0084,Sterile Gloves,Description for Sterile Gloves,$470.87,879
ITEM0085,Pediatric Gloves,Description for Pediatric Gloves,$74.70,83
ITEM0086,Sterile Bandage,Description for Sterile Bandage,$153.90,703
ITEM0087,Disposable Catheter,Description for Disposable Catheter,$241.79,47
ITEM0088,Sterile Gauze,Description for Sterile Gauze,$222.95,233
ITEM0089,Disposable IV Kit,Description for Disposable IV Kit,$212.30,213
ITEM0090,Surgical Syringe,Description for Surgical Syringe,$121.82,198
ITEM0091,Surgical Suture Kit,Description for Surgical Suture Kit,$306.07,106
ITEM0092,Surgical Bandage,Description for Surgical Bandage,$478.19,770
ITEM0093,General Use IV Kit,Description for General Use IV Kit,$323.06,18
ITEM0094,Surgical Gauze,Description for Surgical Gauze,$348.69,326
ITEM0095,Surgical Syringe,Description for Surgical Syringe,$23.68,743
ITEM0096,Surgical Suture Kit,Description for Surgical Suture Kit,$152.68,61
ITEM0097,Pediatric Bandage,Description for Pediatric Bandage,$60.70,408
ITEM0098,Surgical Gloves,Description for Surgical Gloves,$13.71,216
ITEM0099,Surgical Syringe,Description for Surgical Syringe,$82.54,201
ITEM0100,Sterile Gauze,Description for Sterile Gauze,$218.30,636
ITEM0101,Surgical Gloves,Description for Surgical Gloves,$307.57,568
ITEM0102,General Use Syringe,Description for General Use Syringe,$46.11,437
ITEM0103,Sterile Catheter,Description for Sterile Catheter,$224.67,112
ITEM0104,Disposable IV Kit,Description for Disposable IV Kit,$169.01,649
ITEM0105,Pediatric Mask,Description for Pediatric Mask,$408.85,173
ITEM0106,General Use Mask,Description for General Use Mask,$271.92,183
ITEM0107,Surgical Scalpel,Description for Surgical Scalpel,$470.12,476
ITEM0108,General Use IV Kit,Description for General Use IV Kit,$218.10,210
ITEM0109,General Use Bandage,Description for General Use Bandage,$357.97,275
ITEM0110,Surgical Catheter,Description for Surgical Catheter,$141.79,534
ITEM0111,Pediatric Gloves,Description for Pediatric Gloves,$221.34,232
ITEM0112,Sterile Mask,Description for Sterile Mask,$97.26,188
ITEM0113,Surgical Catheter,Description for Surgical Catheter,$250.23,172
ITEM0114,Sterile Syringe,Description for Sterile Syringe,$449.62,795
ITEM0115,Surgical Gloves,Description for Surgical Gloves,$137.39,478
ITEM0116,Disposable Mask,Description for Disposable Mask,$250.95,876
ITEM0117,Pediatric Scalpel,Description for Pediatric Scalpel,$176.03,418
ITEM0118,Surgical Mask,Description for Surgical Mask,$39.60,357
ITEM0119,Pediatric Gloves,Description for Pediatric Gloves,$403.76,-54
ITEM0120,Sterile Syringe,Description for Sterile Syringe,$411.67,287
ITEM0121,General Use Mask,Description for General Use Mask,$297.19,992
ITEM0122,Pediatric Catheter,Description for Pediatric Catheter,$8.86,178
ITEM0123,Surgical Suture Kit,Description for Surgical Suture Kit,$22.33,732
ITEM0124,Surgical Scalpel,Description for Surgical Scalpel,$420.92,982
ITEM0125,Surgical Scalpel,Description for Surgical Scalpel,$141.50,330
ITEM0126,Sterile Mask,Description for Sterile Mask,$359.54,728
ITEM0127,Disposable Catheter,Description for Disposable Catheter,$69.69,503
ITEM0128,Surgical Mask,Description for Surgical Mask,$253.32,300
ITEM0129,Disposable Gloves,Description for Disposable Gloves,$50.67,232
ITEM0130,Sterile Syringe,Description for Sterile Syringe,$390.12,89
ITEM0131,Pediatric IV Kit,Description for Pediatric IV Kit,$90.67,93
ITEM0132,Pediatric Suture Kit,Description for Pediatric Suture Kit,$35.85,445
ITEM0133,Sterile Gloves,Description for Sterile Gloves,$145.55,218
ITEM0134,Pediatric IV Kit,Description for Pediatric IV Kit,$140.47,531
ITEM0135,Surgical Syringe,Description for Surgical Syringe,$35.44,459
ITEM0136,Pediatric Scalpel,Description for Pediatric Scalpel,$282.51,109
ITEM0137,Sterile IV Kit,Description for Sterile IV Kit,$387.90,410
ITEM0138,Pediatric Gauze,Description for Pediatric Gauze,$463.83,562
ITEM0139,Sterile Syringe,Description for Sterile Syringe,$470.74,311
ITEM0140,Sterile Syringe,Description for Sterile Syringe,$133.86,884
ITEM0141,Surgical Mask,Description for Surgical Mask,$92.51,10
ITEM0142,Surgical Scalpel,Description for Surgical Scalpel,$355.55,224
ITEM0143,Disposable Gauze,Description for Disposable Gauze,$342.44,595
ITEM0144,General Use Syringe,Description for General Use Syringe,$98.01,455
ITEM0145,Pediatric Scalpel,Description for Pediatric Scalpel,$266.33,606
ITEM0146,Sterile Catheter,Description for Sterile Catheter,$35.85,119
ITEM0147,Disposable Gloves,Description for Disposable Gloves,$79.35,480
ITEM0148,Surgical Scalpel,Description for Surgical Scalpel,$415.69,674
ITEM0149,Surgical Syringe,Description for Surgical Syringe,$338.43,773
ITEM0150,Pediatric Scalpel,Description for Pediatric Scalpel,$17.71,347
ITEM0151,Surgical Gauze,Description for Surgical Gauze,$171.17,-52
ITEM0152,Surgical Gloves,Description for Surgical Gloves,$39.06,772
ITEM0153,Disposable Mask,Description for Disposable Mask,$124.81,169
ITEM0154,Pediatric Gloves,Description for Pediatric Gloves,$261.89,797
ITEM0155,General Use Catheter,Description for General Use Catheter,$459.45,86
ITEM0156,Disposable Gauze,Description for Disposable Gauze,$461.70,118
ITEM0157,General Use Catheter,Description for General Use Catheter,$83.15,399
ITEM0158,Pediatric Catheter,Description for Pediatric Catheter,$293.26,546
ITEM0159,Surgical Suture Kit,Description for Surgical Suture Kit,$85.02,585
ITEM0160,Sterile IV Kit,Description for Sterile IV Kit,$391.87,904
ITEM0161,Pediatric Suture Kit,Description for Pediatric Suture Kit,$300.66,541
ITEM0162,Pediatric IV Kit,Description for Pediatric IV Kit,$166.69,983
ITEM0163,Pediatric IV Kit,Description for Pediatric IV Kit,$447.86,423
ITEM0164,Pediatric Bandage,Description for Pediatric Bandage,$148.27,831
ITEM0165,Pediatric Suture Kit,Description for Pediatric Suture Kit,$157.35,392
ITEM0166,General Use Mask,Description for General Use Mask,$318.91,528
ITEM0167,Sterile Syringe,Description for Sterile Syringe,$115.30,416
ITEM0168,Sterile Gauze,Description for Sterile Gauze,$153.00,293
ITEM0169,General Use Bandage,Description for General Use Bandage,$360.20,804
ITEM0170,General Use IV Kit,Description for General Use IV Kit,$303.33,297
ITEM0171,Disposable Syringe,Description for Disposable Syringe,$423.17,802
ITEM0172,Surgical IV Kit,Description for Surgical IV Kit,$183.94,707
ITEM0173,Surgical Scalpel,Description for Surgical Scalpel,$379.21,81
ITEM0174,Surgical Catheter,Description for Surgical Catheter,$283.87,566
ITEM0175,Disposable Scalpel,Description for Disposable Scalpel,$435.73,154
ITEM0176,Surgical IV Kit,Description for Surgical IV Kit,$207.30,460
ITEM0177,General Use Gloves,Description for General Use Gloves,$460.59,418
ITEM0178,Surgical Catheter,Description for Surgical Catheter,$408.27,978
ITEM0179,Sterile Syringe,Description for Sterile Syringe,$36.13,631
ITEM0180,Sterile IV Kit,Description for Sterile IV Kit,$259.85,526
ITEM0181,Surgical Gauze,Description for Surgical Gauze,$116.79,-80
ITEM0182,Sterile Suture Kit,Description for Sterile Suture Kit,$68.73,127
ITEM0183,Sterile Suture Kit,Description for Sterile Suture Kit,$239.72,520
ITEM0184,Disposable Gloves,Description for Disposable Gloves,$202.90,-413
ITEM0185,Sterile Catheter,Description for Sterile Catheter,$394.38,481
ITEM0186,General Use Catheter,Description for General Use Catheter,$269.95,755
ITEM0187,Disposable Suture Kit,Description for Disposable Suture Kit,$271.90,509
ITEM0188,General Use Suture Kit,Description for General Use Suture Kit,$204.27,181
ITEM0189,Surgical Scalpel,Description for Surgical Scalpel,$136.59,404
ITEM0190,Pediatric Gauze,Description for Pediatric Gauze,$161.42,199
ITEM0191,Surgical Catheter,Description for Surgical Catheter,$346.66,28
ITEM0192,Disposable Bandage,Description for Disposable Bandage,$397.70,132
ITEM0193,Disposable Catheter,Description for Disposable Catheter,$342.39,585
ITEM0194,Disposable Bandage,Description for Disposable Bandage,$414.35,167
ITEM0195,General Use Mask,Description for General Use Mask,$173.60,880
ITEM0196,Sterile Syringe,Description for Sterile Syringe,$324.26,983
ITEM0197,Disposable IV Kit,Description for Disposable IV Kit,$482.54,688
ITEM0198,Surgical IV Kit,Description for Surgical IV Kit,$333.32,215
ITEM0199,Disposable Bandage,Description for Disposable Bandage,$71.25,1000
ITEM0200,Pediatric Gauze,Description for Pediatric Gauze,$449.46,144
ITEM0201,Disposable Suture Kit,Description for Disposable Suture Kit,$183.10,900
ITEM0202,Surgical Catheter,Description for Surgical Catheter,$369.92,592
ITEM0203,General Use Bandage,Description for General Use Bandage,$54.95,985
ITEM0204,Sterile Gauze,Description for Sterile Gauze,$117.32,22
ITEM0205,Disposable Scalpel,Description for Disposable Scalpel,$393.36,408
ITEM0206,Pediatric Bandage,Description for Pediatric Bandage,$182.46,168
ITEM0207,Disposable Bandage,Description for Disposable Bandage,$13.43,470
ITEM0208,Pediatric Gloves,Description for Pediatric Gloves,$19.25,845
ITEM0209,Pediatric Syringe,Description for Pediatric Syringe,$20.68,244
ITEM0210,Pediatric Gauze,Description for Pediatric Gauze,$85.28,40
ITEM0211,Sterile Bandage,Description for Sterile Bandage,$221.39,705
ITEM0212,Sterile Gauze,Description for Sterile Gauze,$447.31,896
ITEM0213,Surgical Scalpel,Description for Surgical Scalpel,$237.33,182
ITEM0214,Surgical Gauze,Description for Surgical Gauze,$418.76,456
ITEM0215,Sterile Catheter,Description for Sterile Catheter,$12.03,765
ITEM0216,General Use Bandage,Description for General Use Bandage,$60.69,807
ITEM0217,General Use Gloves,Description for General Use Gloves,$217.76,789
ITEM0218,General Use Bandage,Description for General Use Bandage,$102.96,536
ITEM0219,General Use Catheter,Description for General Use Catheter,$358.74,660
ITEM0220,Sterile Mask,Description for Sterile Mask,$347.97,169
ITEM0221,General Use Scalpel,Description for General Use Scalpel,$329.98,121
ITEM0222,Disposable Scalpel,Description for Disposable Scalpel,$140.43,392
ITEM0223,Surgical Syringe,Description for Surgical Syringe,$54.57,640
ITEM0224,Sterile Gloves,Description for Sterile Gloves,$496.23,431
ITEM0225,General Use Catheter,Description for General Use Catheter,$155.72,473
ITEM0226,Surgical IV Kit,Description for Surgical IV Kit,$285.33,500
ITEM0227,Disposable Gauze,Description for Disposable Gauze,$396.59,376
ITEM0228,Disposable Syringe,Description for Disposable Syringe,$102.09,485
ITEM0229,Disposable Gauze,Description for Disposable Gauze,$377.27,284
ITEM0230,Pediatric Bandage,Description for Pediatric Bandage,$358.43,276
ITEM0231,Pediatric Mask,Description for Pediatric Mask,$462.88,388
ITEM0232,Surgical Gloves,Description for Surgical Gloves,$135.52,272
ITEM0233,Disposable Catheter,Description for Disposable Catheter,$333.52,551
ITEM0234,General Use Mask,Description for General Use Mask,$361.79,563
ITEM0235,Sterile Syringe,Description for Sterile Syringe,$292.38,439
ITEM0236,Pediatric Suture Kit,Description for Pediatric Suture Kit,$457.31,-670
ITEM0237,General Use Bandage,Description for General Use Bandage,$178.98,210
ITEM0238,Disposable Suture Kit,Description for Disposable Suture Kit,$201.30,79
ITEM0239,Surgical Gloves,Description for Surgical Gloves,$313.80,979
ITEM0240,General Use Catheter,Description for General Use Catheter,$441.83,756
ITEM0241,General Use Gauze,Description for General Use Gauze,$490.71,740
ITEM0242,Surgical Suture Kit,Description for Surgical Suture Kit,$446.59,-146
ITEM0243,General Use IV Kit,Description for General Use IV Kit,$299.29,767
ITEM0244,Surgical Syringe,Description for Surgical Syringe,$218.83,71
ITEM0245,Surgical Suture Kit,Description for Surgical Suture Kit,$7.54,781
ITEM0246,Pediatric Bandage,Description for Pediatric Bandage,$177.25,609
ITEM0247,Surgical Bandage,Description for Surgical Bandage,$117.09,558
ITEM0248,Sterile Scalpel,Description for Sterile Scalpel,$380.75,966
ITEM0249,General Use Scalpel,Description for General Use Scalpel,$72.93,604
ITEM0250,General Use Bandage,Description for General Use Bandage,$379.55,782
ITEM0251,General Use Gloves,Description for General Use Gloves,$116.25,133
ITEM0252,Surgical Bandage,Description for Surgical Bandage,$216.06,431
ITEM0253,Sterile Scalpel,Description for Sterile Scalpel,$56.89,472
ITEM0254,Sterile Suture Kit,Description for Sterile Suture Kit,$299.54,861
ITEM0255,Surgical Suture Kit,Description for Surgical Suture Kit,$139.88,16
ITEM0256,Sterile Mask,Description for Sterile Mask,$48.66,-279
ITEM0257,Pediatric Syringe,Description for Pediatric Syringe,$215.56,64
ITEM0258,Sterile Scalpel,Description for Sterile Scalpel,$116.72,382
ITEM0259,General Use Mask,Description for General Use Mask,$126.31,924
ITEM0260,Surgical Bandage,Description for Surgical Bandage,$479.07,711
ITEM0261,Pediatric Syringe,Description for Pediatric Syringe,$140.47,53
ITEM0262,Sterile Gloves,Description for Sterile Gloves,$284.54,247
ITEM0263,Disposable Syringe,Description for Disposable Syringe,$157.08,419
ITEM0264,Pediatric Gloves,Description for Pediatric Gloves,$294.40,466
ITEM0265,Sterile Mask,Description for Sterile Mask,$378.84,602
ITEM0266,Disposable Gloves,Description for Disposable Gloves,$499.18,531
ITEM0267,Disposable Gloves,Description for Disposable Gloves,$347.44,891
ITEM0268,Sterile Suture Kit,Description for Sterile Suture Kit,$149.10,167
ITEM0269,Sterile Catheter,Description for Sterile Catheter,$193.59,785
ITEM0270,Surgical IV Kit,Description for Surgical IV Kit,$225.30,-432
ITEM0271,General Use Gloves,Description for General Use Gloves,$261.76,79
ITEM0272,Pediatric Mask,Description for Pediatric Mask,$54.31,771
ITEM0273,Surgical Mask,Description for Surgical Mask,$184.77,612
ITEM0274,Disposable Syringe,Description for Disposable Syringe,$166.82,838
ITEM0275,Surgical IV Kit,Description for Surgical IV Kit,$33.54,40
ITEM0276,Pediatric Syringe,Description for Pediatric Syringe,$251.88,606
ITEM0277,Disposable Syringe,Description for Disposable Syringe,$17.58,574
ITEM0278,Sterile Gloves,Description for Sterile Gloves,$138.30,717
ITEM0279,Surgical IV Kit,Description for Surgical IV Kit,$446.96,510
ITEM0280,General Use Mask,Description for General Use Mask,$469.07,12
ITEM0281,Sterile Catheter,Description for Sterile Catheter,$447.98,748
ITEM0282,Sterile Suture Kit,Description for Sterile Suture Kit,$426.76,741
ITEM0283,General Use IV Kit,Description for General Use IV Kit,$409.38,488
ITEM0284,General Use Gauze,Description for General Use Gauze,$29.19,177
ITEM0285,Surgical Gloves,Description for Surgical Gloves,$479.91,404
ITEM0286,Disposable Mask,Description for Disposable Mask,$226.75,307
ITEM0287,General Use Scalpel,Description for General Use Scalpel,$379.34,308
ITEM0288,Disposable Gloves,Description for Disposable Gloves,$187.01,158
ITEM0289,Pediatric Syringe,Description for Pediatric Syringe,$281.27,145
ITEM0290,Sterile IV Kit,Description for Sterile IV Kit,$320.72,918
ITEM0291,Surgical Mask,Description for Surgical Mask,$461.88,476
ITEM0292,Disposable Catheter,Description for Disposable Catheter,$353.09,348
ITEM0293,General Use Catheter,Description for General Use Catheter,$165.62,262
ITEM0294,Pediatric Syringe,Description for Pediatric Syringe,$6.54,776
ITEM0295,Surgical Mask,Description for Surgical Mask,$212.65,944
ITEM0296,General Use Suture Kit,Description for General Use Suture Kit,$402.65,820
ITEM0297,Pediatric Suture Kit,Description for Pediatric Suture Kit,$317.50,570
ITEM0298,Pediatric Gauze,Description for Pediatric Gauze,$191.29,750
ITEM0299,Pediatric Syringe,Description for Pediatric Syringe,$422.42,980
ITEM0300,Pediatric Syringe,Description for Pediatric Syringe,$398.29,668
ITEM0301,Disposable Suture Kit,Description for Disposable Suture Kit,$262.65,408
ITEM0302,General Use Mask,Description for General Use Mask,$431.82,576
ITEM0303,General Use IV Kit,Description for General Use IV Kit,$151.30,67
ITEM0304,Sterile Scalpel,Description for Sterile Scalpel,$450.20,123
ITEM0305,Pediatric IV Kit,Description for Pediatric IV Kit,$442.94,966
ITEM0306,Pediatric Catheter,Description for Pediatric Catheter,$179.55,450
ITEM0307,Disposable IV Kit,Description for Disposable IV Kit,$143.24,-951
ITEM0308,Pediatric Catheter,Description for Pediatric Catheter,$462.06,366
ITEM0309,Pediatric Syringe,Description for Pediatric Syringe,$88.62,604
ITEM0310,Surgical Suture Kit,Description for Surgical Suture Kit,$398.81,740
ITEM0311,Pediatric Syringe,Description for Pediatric Syringe,$416.92,589
ITEM0312,General Use IV Kit,Description for General Use IV Kit,$255.83,768
ITEM0313,Surgical Bandage,Description for Surgical Bandage,$430.22,532
ITEM0314,Surgical Bandage,Description for Surgical Bandage,$116.91,726
ITEM0315,Surgical Suture Kit,Description for Surgical Suture Kit,$62.22,622
ITEM0316,Disposable Catheter,Description for Disposable Catheter,$295.21,90
ITEM0317,General Use Syringe,Description for General Use Syringe,$179.10,971
ITEM0318,General Use Suture Kit,Description for General Use Suture Kit,$47.03,541
ITEM0319,Pediatric Scalpel,Description for Pediatric Scalpel,$259.27,257
ITEM0320,Surgical Syringe,Description for Surgical Syringe,$171.25,898
ITEM0321,Sterile Syringe,Description for Sterile Syringe,$207.43,47
ITEM0322,Sterile Scalpel,Description for Sterile Scalpel,$436.20,753
ITEM0323,Sterile Mask,Description for Sterile Mask,$426.15,127
ITEM0324,Disposable Syringe,Description for Disposable Syringe,$18.01,248
ITEM0325,General Use Mask,Description for General Use Mask,$36.42,17
ITEM0326,Disposable IV Kit,Description for Disposable IV Kit,$445.43,625
ITEM0327,Pediatric Gauze,Description for Pediatric Gauze,$299.21,626
ITEM0328,General Use Gloves,Description for General Use Gloves,$87.57,838
ITEM0329,Sterile Mask,Description for Sterile Mask,$458.56,31
ITEM0330,Pediatric Syringe,Description for Pediatric Syringe,$345.40,628
ITEM0331,Disposable Suture Kit,Description for Disposable Suture Kit,$25.60,348
ITEM0332,Sterile Bandage,Description for Sterile Bandage,$215.06,350
ITEM0333,Surgical Bandage,Description for Surgical Bandage,$283.95,548
ITEM0334,Surgical Scalpel,Description for Surgical Scalpel,$23.03,497
ITEM0335,Surgical IV Kit,Description for Surgical IV Kit,$100.76,446
ITEM0336,Disposable Gauze,Description for Disposable Gauze,$96.07,148
ITEM0337,General Use Gloves,Description for General Use Gloves,$103.36,542
ITEM0338,Sterile Mask,Description for Sterile Mask,$382.57,1
ITEM0339,Pediatric Bandage,Description for Pediatric Bandage,$108.70,281
ITEM0340,Disposable IV Kit,Description for Disposable IV Kit,$152.49,121
ITEM0341,Disposable Catheter,Description for Disposable Catheter,$270.71,363
ITEM0342,Surgical Syringe,Description for Surgical Syringe,$339.06,436
ITEM0343,Surgical Catheter,Description for Surgical Catheter,$13.63,263
ITEM0344,General Use Bandage,Description for General Use Bandage,$88.39,160
ITEM0345,Surgical Gauze,Description for Surgical Gauze,$26.42,213
ITEM0346,Pediatric IV Kit,Description for Pediatric IV Kit,$129.96,250
ITEM0347,Sterile Bandage,Description for Sterile Bandage,$473.63,982
ITEM0348,Disposable IV Kit,Description for Disposable IV Kit,$337.94,541
ITEM0349,Pediatric Suture Kit,Description for Pediatric Suture Kit,$235.71,818
ITEM0350,Sterile Mask,Description for Sterile Mask,$467.35,558
ITEM0351,General Use Catheter,Description for General Use Catheter,$37.28,149
ITEM0352,Pediatric Gloves,Description for Pediatric Gloves,$144.08,206
ITEM0353,Surgical Mask,Description for Surgical Mask,$430.59,784
ITEM0354,Pediatric Mask,Description for Pediatric Mask,$234.47,258
ITEM0355,Disposable Mask,Description for Disposable Mask,$51.88,738
ITEM0356,General Use Suture Kit,Description for General Use Suture Kit,$103.38,991
ITEM0357,Disposable Syringe,Description for Disposable Syringe,$41.91,58
ITEM0358,Disposable Gloves,Description for Disposable Gloves,$107.55,704
ITEM0359,Sterile Catheter,Description for Sterile Catheter,$9.21,350
ITEM0360,General Use Bandage,Description for General Use Bandage,$480.99,109
ITEM0361,Disposable Scalpel,Description for Disposable Scalpel,$60.67,111
ITEM0362,Sterile Gauze,Description for Sterile Gauze,$250.55,370
ITEM0363,Pediatric Catheter,Description for Pediatric Catheter,$488.79,292
ITEM0364,Pediatric Gloves,Description for Pediatric Gloves,$337.51,969
ITEM0365,General Use Syringe,Description for General Use Syringe,$71.23,805
ITEM0366,Pediatric Bandage,Description for Pediatric Bandage,$96.46,86
ITEM0367,General Use Catheter,Description for General Use Catheter,$126.99,201
ITEM0368,Surgical Gauze,Description for Surgical Gauze,$326.84,200
ITEM0369,Disposable Gloves,Description for Disposable Gloves,$406.09,481
ITEM0370,General Use Suture Kit,Description for General Use Suture Kit,$78.07,327
ITEM0371,Surgical Catheter,Description for Surgical Catheter,$149.98,945
ITEM0372,Disposable Gauze,Description for Disposable Gauze,$298.72,634
ITEM0373,Surgical IV Kit,Description for Surgical IV Kit,$362.31,660
ITEM0374,General Use Bandage,Description for General Use Bandage,$441.64,293
ITEM0375,Surgical Mask,Description for Surgical Mask,$1.57,235
ITEM0376,Sterile Suture Kit,Description for Sterile Suture Kit,$251.31,635
ITEM0377,Sterile Scalpel,Description for Sterile Scalpel,$438.60,201
ITEM0378,Pediatric Scalpel,Description for Pediatric Scalpel,$464.90,321
ITEM0379,Surgical Mask,Description for Surgical Mask,$3.27,568
ITEM0380,Disposable Syringe,Description for Disposable Syringe,$158.14,-914
ITEM0381,Disposable Scalpel,Description for Disposable Scalpel,$155.66,963
ITEM0382,General Use Syringe,Description for General Use Syringe,$156.46,728
ITEM0383,General Use Catheter,Description for General Use Catheter,$102.22,904
ITEM0384,General Use Catheter,Description for General Use Catheter,$298.78,721
ITEM0385,Pediatric Bandage,Description for Pediatric Bandage,$70.72,566
ITEM0386,Sterile Syringe,Description for Sterile Syringe,$426.97,674
ITEM0387,Surgical Gloves,Description for Surgical Gloves,$27.24,954
ITEM0388,Surgical Suture Kit,Description for Surgical Suture Kit,$370.72,940
ITEM0389,Disposable Catheter,Description for Disposable Catheter,$226.34,156
ITEM0390,General Use Catheter,Description for General Use Catheter,$435.81,476
ITEM0391,Sterile Catheter,Description for Sterile Catheter,$311.39,581
ITEM0392,Disposable Bandage,Description for Disposable Bandage,$342.11,220
ITEM0393,Disposable Catheter,Description for Disposable Catheter,$219.78,731
ITEM0394,Sterile Syringe,Description for Sterile Syringe,$39.22,912
ITEM0395,Pediatric Gloves,Description for Pediatric Gloves,$178.65,793
ITEM0396,Disposable Bandage,Description for Disposable Bandage,$59.39,779
ITEM0397,General Use Bandage,Description for General Use Bandage,$256.52,240
ITEM0398,General Use Suture Kit,Description for General Use Suture Kit,$288.77,159
ITEM0399,Disposable Suture Kit,Description for Disposable Suture Kit,$247.77,713
ITEM0400,General Use Gloves,Description for General Use Gloves,$476.94,856
ITEM0401,General Use Catheter,Description for General Use Catheter,$408.20,973
ITEM0402,General Use Suture Kit,Description for General Use Suture Kit,$405.69,477
ITEM0403,Pediatric Syringe,Description for Pediatric Syringe,$459.89,237
ITEM0404,Surgical Mask,Description for Surgical Mask,$23.40,627
ITEM0405,Pediatric Gauze,Description for Pediatric Gauze,$89.04,944
ITEM0406,Disposable Scalpel,Description for Disposable Scalpel,$45.89,790
ITEM0407,Sterile Catheter,Description for Sterile Catheter,$226.20,141
ITEM0408,Disposable Gloves,Description for Disposable Gloves,$149.03,47
ITEM0409,General Use Syringe,Description for General Use Syringe,$213.86,361
ITEM0410,Sterile Catheter,Description for Sterile Catheter,$436.65,43
ITEM0411,Disposable Scalpel,Description for Disposable Scalpel,$117.08,116
ITEM0412,General Use Suture Kit,Description for General Use Suture Kit,$378.40,377
ITEM0413,Surgical Bandage,Description for Surgical Bandage,$22.07,836
ITEM0414,Surgical Suture Kit,Description for Surgical Suture Kit,$121.50,939
ITEM0415,General Use Suture Kit,Description for General Use Suture Kit,$494.75,173
ITEM0416,Disposable Gauze,Description for Disposable Gauze,$104.68,832
ITEM0417,Surgical Suture Kit,Description for Surgical Suture Kit,$202.31,579
ITEM0418,Pediatric Catheter,Description for Pediatric Catheter,$499.14,859
ITEM0419,Surgical Mask,Description for Surgical Mask,$251.38,241
ITEM0420,Sterile Scalpel,Description for Sterile Scalpel,$35.29,852
ITEM0421,Sterile Bandage,Description for Sterile Bandage,$338.57,108
ITEM0422,Pediatric Gauze,Description for Pediatric Gauze,$257.91,521
ITEM0423,Sterile IV Kit,Description for Sterile IV Kit,$201.10,27
ITEM0424,General Use Gauze,Description for General Use Gauze,$134.15,650
ITEM0425,General Use Scalpel,Description for General Use Scalpel,$281.85,161
ITEM0426,Sterile Gauze,Description for Sterile Gauze,$362.73,-967
ITEM0427,Disposable Gloves,Description for Disposable Gloves,$146.72,529
ITEM0428,General Use Suture Kit,Description for General Use Suture Kit,$12.81,952
ITEM0429,General Use Gauze,Description for General Use Gauze,$456.56,732
ITEM0430,Sterile Bandage,Description for Sterile Bandage,$295.55,196
ITEM0431,Pediatric Bandage,Description for Pediatric Bandage,$184.43,825
ITEM0432,Pediatric Gloves,Description for Pediatric Gloves,$3.33,783
ITEM0433,General Use Bandage,Description for General Use Bandage,$33.76,990
ITEM0434,Disposable Catheter,Description for Disposable Catheter,$422.95,761
ITEM0435,Pediatric Scalpel,Description for Pediatric Scalpel,$59.48,343
ITEM0436,Disposable Scalpel,Description for Disposable Scalpel,$238.22,647
ITEM0437,General Use Gauze,Description for General Use Gauze,$243.44,131
ITEM0438,Disposable IV Kit,Description for Disposable IV Kit,$10.50,737
ITEM0439,Disposable Gloves,Description for Disposable Gloves,$367.09,390
ITEM0440,Disposable Catheter,Description for Disposable Catheter,$201.31,42
ITEM0441,Disposable Gauze,Description for Disposable Gauze,$489.07,906
ITEM0442,Surgical Bandage,Description for Surgical Bandage,$100.50,21
ITEM0443,Disposable Mask,Description for Disposable Mask,$169.08,306
ITEM0444,Disposable Suture Kit,Description for Disposable Suture Kit,$16.76,1000
ITEM0445,Pediatric Gauze,Description for Pediatric Gauze,$467.33,45
ITEM0446,Sterile Syringe,Description for Sterile Syringe,$340.25,562
ITEM0447,Surgical Catheter,Description for Surgical Catheter,$253.56,129
ITEM0448,Sterile Mask,Description for Sterile Mask,$43.14,444
ITEM0449,Disposable Syringe,Description for Disposable Syringe,$304.84,71
ITEM0450,Disposable Gauze,Description for Disposable Gauze,$196.28,771
ITEM0451,General Use Gauze,Description for General Use Gauze,$383.73,896
ITEM0452,Sterile IV Kit,Description for Sterile IV Kit,$415.82,45
ITEM0453,Sterile Bandage,Description for Sterile Bandage,$45.75,40
ITEM0454,General Use Suture Kit,Description for General Use Suture Kit,$355.88,956
ITEM0455,Pediatric Gloves,Description for Pediatric Gloves,$491.57,915
ITEM0456,Pediatric Mask,Description for Pediatric Mask,$480.75,172
ITEM0457,General Use Suture Kit,Description for General Use Suture Kit,$177.10,205
ITEM0458,Disposable Scalpel,Description for Disposable Scalpel,$414.79,497
ITEM0459,Surgical Mask,Description for Surgical Mask,$381.15,96
ITEM0460,Surgical Suture Kit,Description for Surgical Suture Kit,$200.23,60
ITEM0461,Surgical Syringe,Description for Surgical Syringe,$286.47,136
ITEM0462,Surgical IV Kit,Description for Surgical IV Kit,$389.20,-710
ITEM0463,Sterile Syringe,Description for Sterile Syringe,$337.66,257
ITEM0464,Pediatric Suture Kit,Description for Pediatric Suture Kit,$112.11,895
ITEM0465,Surgical Mask,Description for Surgical Mask,$197.76,673
ITEM0466,Disposable Gloves,Description for Disposable Gloves,$196.09,428
ITEM0467,Sterile Bandage,Description for Sterile Bandage,$443.66,724
ITEM0468,Sterile Catheter,Description for Sterile Catheter,$454.89,60
ITEM0469,Surgical Bandage,Description for Surgical Bandage,$449.15,821
ITEM0470,Sterile Mask,Description for Sterile Mask,$107.34,543
ITEM0471,General Use Gloves,Description for General Use Gloves,$128.13,143
ITEM0472,Pediatric IV Kit,Description for Pediatric IV Kit,$185.04,553
ITEM0473,Sterile Gloves,Description for Sterile Gloves,$339.25,168
ITEM0474,Sterile Bandage,Description for Sterile Bandage,$241.27,835
ITEM0475,Disposable Scalpel,Description for Disposable Scalpel,$158.09,223
ITEM0476,Disposable IV Kit,Description for Disposable IV Kit,$415.60,689
ITEM0477,Pediatric Gauze,Description for Pediatric Gauze,$49.85,386
ITEM0478,Surgical IV Kit,Description for Surgical IV Kit,$328.31,690
ITEM0479,Sterile IV Kit,Description for Sterile IV Kit,$84.99,642
ITEM0480,Pediatric Gauze,Description for Pediatric Gauze,$149.03,418
ITEM0481,Disposable Mask,Description for Disposable Mask,$302.13,154
ITEM0482,Pediatric Bandage,Description for Pediatric Bandage,$334.42,397
ITEM0483,Pediatric Gloves,Description for Pediatric Gloves,$498.47,152
ITEM0484,General Use Suture Kit,Description for General Use Suture Kit,$35.15,523
ITEM0485,Surgical Suture Kit,Description for Surgical Suture Kit,$477.69,250
ITEM0486,Disposable IV Kit,Description for Disposable IV Kit,$130.22,161
ITEM0487,Pediatric Scalpel,Description for Pediatric Scalpel,$406.36,-876
ITEM0488,Surgical Suture Kit,Description for Surgical Suture Kit,$301.32,225
ITEM0489,Pediatric Bandage,Description for Pediatric Bandage,$399.69,51
ITEM0490,Pediatric Bandage,Description for Pediatric Bandage,$97.49,328
ITEM0491,Sterile Catheter,Description for Sterile Catheter,$110.62,707
ITEM0492,Sterile Syringe,Description for Sterile Syringe,$210.41,483
ITEM0493,Surgical Gloves,Description for Surgical Gloves,$111.72,207
ITEM0494,General Use Suture Kit,Description for General Use Suture Kit,$38.56,199
ITEM0495,Disposable Mask,Description for Disposable Mask,$59.80,146
ITEM0496,Disposable Scalpel,Description for Disposable Scalpel,$153.55,566
ITEM0497,Disposable IV Kit,Description for Disposable IV Kit,$26.19,763
ITEM0498,Pediatric Catheter,Description for Pediatric Catheter,$125.85,543
ITEM0499,Pediatric Scalpel,Description for Pediatric Scalpel,$276.99,540
ITEM0500,General Use Gloves,Description for General Use Gloves,$347.75,285
ITEM0501,Surgical Catheter,Description for Surgical Catheter,$419.83,912
ITEM0502,Disposable Catheter,Description for Disposable Catheter,$173.49,493
ITEM0503,Disposable Scalpel,Description for Disposable Scalpel,$166.90,776
ITEM0504,Disposable IV Kit,Description for Disposable IV Kit,$167.97,805
ITEM0505,Surgical Catheter,Description for Surgical Catheter,$393.05,786
ITEM0506,Disposable Mask,Description for Disposable Mask,$134.39,665
ITEM0507,Surgical Suture Kit,Description for Surgical Suture Kit,$320.72,583
ITEM0508,Disposable Suture Kit,Description for Disposable Suture Kit,$303.86,453
ITEM0509,Surgical Scalpel,Description for Surgical Scalpel,$482.77,740
ITEM0510,General Use Scalpel,Description for General Use Scalpel,$468.56,259
ITEM0511,Sterile Gauze,Description for Sterile Gauze,$210.22,107
ITEM0512,Surgical IV Kit,Description for Surgical IV Kit,$320.74,732
ITEM0513,General Use Scalpel,Description for General Use Scalpel,$440.63,136
ITEM0514,General Use Mask,Description for General Use Mask,$234.04,361
ITEM0515,General Use Gloves,Description for General Use Gloves,$60.76,110
ITEM0516,Disposable Syringe,Description for Disposable Syringe,$285.84,615
ITEM0517,Disposable Gauze,Description for Disposable Gauze,$108.43,735
ITEM0518,Pediatric Catheter,Description for Pediatric Catheter,$115.64,718
ITEM0519,Surgical Gauze,Description for Surgical Gauze,$64.83,767
ITEM0520,General Use Suture Kit,Description for General Use Suture Kit,$76.72,668
ITEM0521,Sterile Gauze,Description for Sterile Gauze,$440.47,730
ITEM0522,General Use IV Kit,Description for General Use IV Kit,$39.74,400
ITEM0523,Sterile Suture Kit,Description for Sterile Suture Kit,$261.03,154
ITEM0524,General Use Bandage,Description for General Use Bandage,$447.48,647
ITEM0525,Sterile Gloves,Description for Sterile Gloves,$455.25,353
ITEM0526,Disposable Mask,Description for Disposable Mask,$157.19,103
ITEM0527,Disposable Scalpel,Description for Disposable Scalpel,$452.21,122
ITEM0528,General Use Catheter,Description for General Use Catheter,$277.02,750
ITEM0529,Disposable Bandage,Description for Disposable Bandage,$331.27,615
ITEM0530,Pediatric Suture Kit,Description for Pediatric Suture Kit,$421.38,391
ITEM0531,Surgical Syringe,Description for Surgical Syringe,$41.93,9
ITEM0532,Pediatric Bandage,Description for Pediatric Bandage,$67.82,592
ITEM0533,Sterile Bandage,Description for Sterile Bandage,$113.48,881
ITEM0534,Pediatric Gauze,Description for Pediatric Gauze,$228.37,551
ITEM0535,Surgical Mask,Description for Surgical Mask,$181.86,9
ITEM0536,Pediatric Bandage,Description for Pediatric Bandage,$315.48,766
ITEM0537,General Use Catheter,Description for General Use Catheter,$51.37,808
ITEM0538,Pediatric Bandage,Description for Pediatric Bandage,$485.99,559
ITEM0539,Sterile Catheter,Description for Sterile Catheter,$20.62,674
ITEM0540,Disposable Gauze,Description for Disposable Gauze,$20.70,915
ITEM0541,Surgical Bandage,Description for Surgical Bandage,$366.15,489
ITEM0542,Pediatric Catheter,Description for Pediatric Catheter,$360.78,798
ITEM0543,Pediatric IV Kit,Description for Pediatric IV Kit,$53.21,28
ITEM0544,Pediatric Gauze,Description for Pediatric Gauze,$228.82,502
ITEM0545,Sterile Gauze,Description for Sterile Gauze,$278.06,431
ITEM0546,General Use Catheter,Description for General Use Catheter,$433.85,253
ITEM0547,Surgical Scalpel,Description for Surgical Scalpel,$306.08,208
ITEM0548,Disposable Gauze,Description for Disposable Gauze,$439.32,895
ITEM0549,Surgical Scalpel,Description for Surgical Scalpel,$74.69,436
ITEM0550,General Use Gloves,Description for General Use Gloves,$236.46,903
ITEM0551,Pediatric Bandage,Description for Pediatric Bandage,$141.60,718
ITEM0552,Sterile Catheter,Description for Sterile Catheter,$438.37,328
ITEM0553,Disposable Suture Kit,Description for Disposable Suture Kit,$300.75,287
ITEM0554,Pediatric Scalpel,Description for Pediatric Scalpel,$393.37,342
ITEM0555,Disposable Gloves,Description for Disposable Gloves,$120.98,595
ITEM0556,Disposable Syringe,Description for Disposable Syringe,$373.40,758
ITEM0557,Pediatric Bandage,Description for Pediatric Bandage,$222.37,446
ITEM0558,Pediatric Bandage,Description for Pediatric Bandage,$101.66,238
ITEM0559,Pediatric Gauze,Description for Pediatric Gauze,$206.63,796
ITEM0560,Surgical Suture Kit,Description for Surgical Suture Kit,$401.57,719
ITEM0561,Disposable Scalpel,Description for Disposable Scalpel,$179.46,852
ITEM0562,Sterile Scalpel,Description for Sterile Scalpel,$239.71,-722
ITEM0563,Pediatric Bandage,Description for Pediatric Bandage,$23.99,749
ITEM0564,General Use Catheter,Description for General Use Catheter,$310.52,310
ITEM0565,Surgical Gloves,Description for Surgical Gloves,$124.45,665
ITEM0566,General Use Gloves,Description for General Use Gloves,$442.71,319
ITEM0567,Disposable IV Kit,Description for Disposable IV Kit,$497.92,522
ITEM0568,General Use Gloves,Description for General Use Gloves,$307.17,680
ITEM0569,Sterile Mask,Description for Sterile Mask,$39.24,655
ITEM0570,Surgical Scalpel,Description for Surgical Scalpel,$140.82,392
ITEM0571,Disposable Gloves,Description for Disposable Gloves,$435.39,996
ITEM0572,Surgical IV Kit,Description for Surgical IV Kit,$214.52,163
ITEM0573,Surgical Gauze,Description for Surgical Gauze,$351.35,799
ITEM0574,General Use Syringe,Description for General Use Syringe,$143.36,582
ITEM0575,General Use Gloves,Description for General Use Gloves,$489.25,655
ITEM0576,Pediatric Mask,Description for Pediatric Mask,$184.63,526
ITEM0577,Disposable Syringe,Description for Disposable Syringe,$496.71,434
ITEM0578,Surgical IV Kit,Description for Surgical IV Kit,$56.42,432
ITEM0579,Disposable Gauze,Description for Disposable Gauze,$227.24,834
ITEM0580,Disposable Syringe,Description for Disposable Syringe,$359.53,628
ITEM0581,General Use Gauze,Description for General Use Gauze,$481.18,297
ITEM0582,Surgical Suture Kit,Description for Surgical Suture Kit,$451.39,436
ITEM0583,General Use Gauze,Description for General Use Gauze,$448.46,523
ITEM0584,Sterile Scalpel,Description for Sterile Scalpel,$449.83,956
ITEM0585,Sterile Gauze,Description for Sterile Gauze,$352.28,726
ITEM0586,Sterile IV Kit,Description for Sterile IV Kit,$371.50,73
ITEM0587,Sterile Suture Kit,Description for Sterile Suture Kit,$424.38,524
ITEM0588,Sterile Catheter,Description for Sterile Catheter,$46.45,733
ITEM0589,Sterile Bandage,Description for Sterile Bandage,$74.60,705
ITEM0590,Disposable Mask,Description for Disposable Mask,$276.32,-442
ITEM0591,Disposable Gauze,Description for Disposable Gauze,$260.73,692
ITEM0592,Disposable Bandage,Description for Disposable Bandage,$133.79,743
ITEM0593,Sterile Mask,Description for Sterile Mask,$30.86,746
ITEM0594,General Use IV Kit,Description for General Use IV Kit,$66.18,509
ITEM0595,Disposable Suture Kit,Description for Disposable Suture Kit,$352.59,607
ITEM0596,Pediatric Scalpel,Description for Pediatric Scalpel,$361.30,445
ITEM0597,Disposable IV Kit,Description for Disposable IV Kit,$165.26,104
ITEM0598,Pediatric Bandage,Description for Pediatric Bandage,$290.13,565
ITEM0599,Sterile Catheter,Description for Sterile Catheter,$237.27,304
ITEM0600,Disposable Scalpel,Description for Disposable Scalpel,$203.53,464
ITEM0601,General Use Suture Kit,Description for General Use Suture Kit,$423.77,497
ITEM0602,Surgical Catheter,Description for Surgical Catheter,$493.60,625
ITEM0603,Pediatric Syringe,Description for Pediatric Syringe,$234.30,341
ITEM0604,Pediatric Syringe,Description for Pediatric Syringe,$474.78,393
ITEM0605,Disposable IV Kit,Description for Disposable IV Kit,$432.18,-253
ITEM0606,General Use Suture Kit,Description for General Use Suture Kit,$332.51,94
ITEM0607,Disposable Gauze,Description for Disposable Gauze,$440.73,249
ITEM0608,Sterile Scalpel,Description for Sterile Scalpel,$176.40,594
ITEM0609,Sterile Scalpel,Description for Sterile Scalpel,$79.30,186
ITEM0610,General Use Catheter,Description for General Use Catheter,$469.95,360
ITEM0611,Disposable IV Kit,Description for Disposable IV Kit,$93.99,730
ITEM0612,Disposable Suture Kit,Description for Disposable Suture Kit,$388.69,59
ITEM0613,Surgical Mask,Description for Surgical Mask,$227.24,666
ITEM0614,Sterile IV Kit,Description for Sterile IV Kit,$73.50,410
ITEM0615,Surgical Bandage,Description for Surgical Bandage,$462.52,261
ITEM0616,Pediatric Gauze,Description for Pediatric Gauze,$66.75,675
ITEM0617,Pediatric Gloves,Description for Pediatric Gloves,$326.81,925
ITEM0618,Pediatric Suture Kit,Description for Pediatric Suture Kit,$443.04,481
ITEM0619,Sterile Gloves,Description for Sterile Gloves,$440.73,187
ITEM0620,Disposable Gloves,Description for Disposable Gloves,$305.01,125
ITEM0621,Pediatric IV Kit,Description for Pediatric IV Kit,$111.18,896
ITEM0622,Sterile Suture Kit,Description for Sterile Suture Kit,$173.38,555
ITEM0623,Pediatric Catheter,Description for Pediatric Catheter,$450.56,927
ITEM0624,Sterile Catheter,Description for Sterile Catheter,$395.27,-707
ITEM0625,Disposable Catheter,Description for Disposable Catheter,$197.32,864
ITEM0626,General Use Mask,Description for General Use Mask,$185.50,793
ITEM0627,General Use Syringe,Description for General Use Syringe,$259.74,292
ITEM0628,Pediatric Catheter,Description for Pediatric Catheter,$443.54,720
ITEM0629,Surgical Bandage,Description for Surgical Bandage,$126.22,516
ITEM0630,Pediatric Gloves,Description for Pediatric Gloves,$5.87,250
ITEM0631,Pediatric IV Kit,Description for Pediatric IV Kit,$23.35,48
ITEM0632,Surgical Bandage,Description for Surgical Bandage,$104.40,118
ITEM0633,Disposable Scalpel,Description for Disposable Scalpel,$126.96,555
ITEM0634,Disposable Suture Kit,Description for Disposable Suture Kit,$485.67,188
ITEM0635,Pediatric Syringe,Description for Pediatric Syringe,$250.79,32
ITEM0636,Pediatric Syringe,Description for Pediatric Syringe,$29.82,200
ITEM0637,General Use IV Kit,Description for General Use IV Kit,$276.90,325
ITEM0638,Sterile Suture Kit,Description for Sterile Suture Kit,$482.42,79
ITEM0639,Pediatric Syringe,Description for Pediatric Syringe,$154.19,657
ITEM0640,Pediatric Bandage,Description for Pediatric Bandage,$209.39,949
ITEM0641,General Use IV Kit,Description for General Use IV Kit,$226.11,380
ITEM0642,Sterile Catheter,Description for Sterile Catheter,$285.13,451
ITEM0643,Disposable Suture Kit,Description for Disposable Suture Kit,$154.45,795
ITEM0644,Surgical Gauze,Description for Surgical Gauze,$112.22,823
ITEM0645,Pediatric Gloves,Description for Pediatric Gloves,$52.00,698
ITEM0646,Pediatric Bandage,Description for Pediatric Bandage,$137.78,789
ITEM0647,Surgical Catheter,Description for Surgical Catheter,$466.73,807
ITEM0648,General Use Bandage,Description for General Use Bandage,$61.44,731
ITEM0649,General Use Catheter,Description for General Use Catheter,$98.17,900
ITEM0650,Sterile Scalpel,Description for Sterile Scalpel,$300.16,275
ITEM0651,Pediatric Bandage,Description for Pediatric Bandage,$73.69,713
ITEM0652,Disposable Suture Kit,Description for Disposable Suture Kit,$162.39,378
ITEM0653,Pediatric Catheter,Description for Pediatric Catheter,$12.23,457
ITEM0654,Sterile Mask,Description for Sterile Mask,$403.18,891
ITEM0655,Surgical Gauze,Description for Surgical Gauze,$120.64,659
ITEM0656,Disposable Syringe,Description for Disposable Syringe,$292.82,123
ITEM0657,Surgical Catheter,Description for Surgical Catheter,$322.67,241
ITEM0658,Sterile Suture Kit,Description for Sterile Suture Kit,$215.82,580
ITEM0659,Surgical Suture Kit,Description for Surgical Suture Kit,$277.80,963
ITEM0660,Sterile Gloves,Description for Sterile Gloves,$406.33,518
ITEM0661,General Use Gloves,Description for General Use Gloves,$369.37,978
ITEM0662,Sterile IV Kit,Description for Sterile IV Kit,$367.29,197
ITEM0663,Disposable Gloves,Description for Disposable Gloves,$61.50,253
ITEM0664,Surgical Catheter,Description for Surgical Catheter,$84.19,52
ITEM0665,General Use Suture Kit,Description for General Use Suture Kit,$389.00,51
ITEM0666,General Use IV Kit,Description for General Use IV Kit,$50.68,904
ITEM0667,Disposable Suture Kit,Description for Disposable Suture Kit,$479.30,158
ITEM0668,General Use Gauze,Description for General Use Gauze,$380.75,553
ITEM0669,General Use Syringe,Description for General Use Syringe,$262.40,327
ITEM0670,Pediatric Bandage,Description for Pediatric Bandage,$278.73,659
ITEM0671,Surgical Catheter,Description for Surgical Catheter,$486.60,129
ITEM0672,Disposable IV Kit,Description for Disposable IV Kit,$404.09,859
ITEM0673,Disposable Suture Kit,Description for Disposable Suture Kit,$258.27,514
ITEM0674,Disposable Scalpel,Description for Disposable Scalpel,$267.16,992
ITEM0675,Pediatric Gloves,Description for Pediatric Gloves,$341.89,998
ITEM0676,Surgical Syringe,Description for Surgical Syringe,$305.58,291
ITEM0677,Disposable IV Kit,Description for Disposable IV Kit,$234.88,634
ITEM0678,Disposable Bandage,Description for Disposable Bandage,$320.58,260
ITEM0679,Pediatric Bandage,Description for Pediatric Bandage,$139.47,880
ITEM0680,General Use Catheter,Description for General Use Catheter,$267.66,514
ITEM0681,Pediatric Syringe,Description for Pediatric Syringe,$176.51,347
ITEM0682,Disposable Gloves,Description for Disposable Gloves,$463.71,970
ITEM0683,Surgical Gloves,Description for Surgical Gloves,$296.20,912
ITEM0684,Sterile Suture Kit,Description for Sterile Suture Kit,$447.92,859
ITEM0685,Sterile Gloves,Description for Sterile Gloves,$487.02,299
ITEM0686,Sterile IV Kit,Description for Sterile IV Kit,$24.96,410
ITEM0687,General Use Syringe,Description for General Use Syringe,$486.74,346
ITEM0688,Surgical Suture Kit,Description for Surgical Suture Kit,$475.74,51
ITEM0689,Pediatric Catheter,Description for Pediatric Catheter,$380.14,694
ITEM0690,Sterile Suture Kit,Description for Sterile Suture Kit,$273.74,584
ITEM0691,Pediatric Catheter,Description for Pediatric Catheter,$128.58,594
ITEM0692,Disposable Bandage,Description for Disposable Bandage,$215.48,248
ITEM0693,General Use Scalpel,Description for General Use Scalpel,$224.80,-979
ITEM0694,Surgical Suture Kit,Description for Surgical Suture Kit,$205.54,658
ITEM0695,Sterile IV Kit,Description for Sterile IV Kit,$268.68,595
ITEM0696,Sterile Gloves,Description for Sterile Gloves,$41.87,924
ITEM0697,General Use Gauze,Description for General Use Gauze,$159.06,930
ITEM0698,Sterile Bandage,Description for Sterile Bandage,$392.27,103
ITEM0699,Sterile Gloves,Description for Sterile Gloves,$70.47,344
ITEM0700,Pediatric Mask,Description for Pediatric Mask,$370.39,838
ITEM0701,Pediatric IV Kit,Description for Pediatric IV Kit,$432.13,415
ITEM0702,Disposable Catheter,Description for Disposable Catheter,$318.97,478
ITEM0703,Surgical Scalpel,Description for Surgical Scalpel,$363.71,990
ITEM0704,Disposable IV Kit,Description for Disposable IV Kit,$481.80,302
ITEM0705,Sterile Catheter,Description for Sterile Catheter,$453.49,47
ITEM0706,Pediatric Mask,Description for Pediatric Mask,$475.62,118
ITEM0707,Disposable Gloves,Description for Disposable Gloves,$153.18,202
ITEM0708,General Use Gauze,Description for General Use Gauze,$473.72,810
ITEM0709,Pediatric Gauze,Description for Pediatric Gauze,$91.80,606
ITEM0710,Sterile Gloves,Description for Sterile Gloves,$298.63,571
ITEM0711,Sterile IV Kit,Description for Sterile IV Kit,$197.06,345
ITEM0712,Surgical Gauze,Description for Surgical Gauze,$46.51,854
ITEM0713,Sterile Suture Kit,Description for Sterile Suture Kit,$325.52,125
ITEM0714,Sterile IV Kit,Description for Sterile IV Kit,$89.23,869
ITEM0715,Disposable Gauze,Description for Disposable Gauze,$479.68,932
ITEM0716,Sterile Catheter,Description for Sterile Catheter,$352.99,-65
ITEM0717,Surgical Gauze,Description for Surgical Gauze,$278.72,987
ITEM0718,Surgical Syringe,Description for Surgical Syringe,$253.36,392
ITEM0719,General Use Bandage,Description for General Use Bandage,$474.29,452
ITEM0720,Surgical Gauze,Description for Surgical Gauze,$109.89,896
ITEM0721,General Use Gloves,Description for General Use Gloves,$461.48,602
ITEM0722,Disposable Bandage,Description for Disposable Bandage,$401.81,105
ITEM0723,General Use Gloves,Description for General Use Gloves,$440.40,179
ITEM0724,Surgical Scalpel,Description for Surgical Scalpel,$210.25,27
ITEM0725,Disposable Gloves,Description for Disposable Gloves,$407.22,3
ITEM0726,Disposable Scalpel,Description for Disposable Scalpel,$439.66,497
ITEM0727,Sterile Mask,Description for Sterile Mask,$387.11,484
ITEM0728,Disposable Scalpel,Description for Disposable Scalpel,$363.34,710
ITEM0729,Disposable Mask,Description for Disposable Mask,$258.07,-392
ITEM0730,Sterile Syringe,Description for Sterile Syringe,$404.29,880
ITEM0731,Pediatric Scalpel,Description for Pediatric Scalpel,$324.03,473
ITEM0732,Surgical Bandage,Description for Surgical Bandage,$285.59,845
ITEM0733,General Use Gauze,Description for General Use Gauze,$418.82,764
ITEM0734,Pediatric Gloves,Description for Pediatric Gloves,$213.48,95
ITEM0735,General Use Gloves,Description for General Use Gloves,$151.41,793
ITEM0736,Disposable Catheter,Description for Disposable Catheter,$316.24,-574
ITEM0737,General Use Catheter,Description for General Use Catheter,$97.78,114
ITEM0738,Sterile Syringe,Description for Sterile Syringe,$230.89,353
ITEM0739,General Use Scalpel,Description for General Use Scalpel,$76.91,494
ITEM0740,General Use Suture Kit,Description for General Use Suture Kit,$313.06,352
ITEM0741,Surgical Catheter,Description for Surgical Catheter,$62.21,688
ITEM0742,Pediatric Mask,Description for Pediatric Mask,$65.15,393
ITEM0743,Disposable Catheter,Description for Disposable Catheter,$156.30,489
ITEM0744,Sterile Catheter,Description for Sterile Catheter,$158.21,95
ITEM0745,Disposable Syringe,Description for Disposable Syringe,$192.74,736
ITEM0746,Pediatric Gauze,Description for Pediatric Gauze,$5.46,643
ITEM0747,General Use Scalpel,Description for General Use Scalpel,$99.59,941
ITEM0748,Sterile Mask,Description for Sterile Mask,$476.99,522
ITEM0749,Disposable Gloves,Description for Disposable Gloves,$141.96,965
ITEM0750,Pediatric IV Kit,Description for Pediatric IV Kit,$432.61,720
ITEM0751,Pediatric IV Kit,Description for Pediatric IV Kit,$445.44,371
ITEM0752,Pediatric Syringe,Description for Pediatric Syringe,$51.59,452
ITEM0753,Disposable Gloves,Description for Disposable Gloves,$349.81,846
ITEM0754,Disposable Bandage,Description for Disposable Bandage,$217.41,996
ITEM0755,Sterile Gauze,Description for Sterile Gauze,$250.77,542
ITEM0756,Disposable IV Kit,Description for Disposable IV Kit,$81.17,293
ITEM0757,Surgical IV Kit,Description for Surgical IV Kit,$356.13,681
ITEM0758,General Use Mask,Description for General Use Mask,$122.46,723
ITEM0759,Disposable Suture Kit,Description for Disposable Suture Kit,$420.33,570
ITEM0760,Disposable IV Kit,Description for Disposable IV Kit,$415.90,721
ITEM0761,Sterile Scalpel,Description for Sterile Scalpel,$59.83,664
ITEM0762,Surgical Gloves,Description for Surgical Gloves,$60.65,1
ITEM0763,Disposable Suture Kit,Description for Disposable Suture Kit,$315.22,647
ITEM0764,Disposable Scalpel,Description for Disposable Scalpel,$434.80,393
ITEM0765,Surgical Syringe,Description for Surgical Syringe,$224.33,-320
ITEM0766,Surgical Suture Kit,Description for Surgical Suture Kit,$179.13,934
ITEM0767,Disposable IV Kit,Description for Disposable IV Kit,$141.90,969
ITEM0768,Surgical Scalpel,Description for Surgical Scalpel,$353.12,597
ITEM0769,Sterile Catheter,Description for Sterile Catheter,$138.53,682
ITEM0770,Surgical Gloves,Description for Surgical Gloves,$448.49,469
ITEM0771,Surgical Mask,Description for Surgical Mask,$269.94,556
ITEM0772,Pediatric Bandage,Description for Pediatric Bandage,$64.00,885
ITEM0773,Pediatric Catheter,Description for Pediatric Catheter,$396.68,645
ITEM0774,Disposable Catheter,Description for Disposable Catheter,$321.92,867
ITEM0775,Disposable Suture Kit,Description for Disposable Suture Kit,$245.36,330
ITEM0776,Disposable Scalpel,Description for Disposable Scalpel,$469.03,993
ITEM0777,Sterile Mask,Description for Sterile Mask,$418.09,911
ITEM0778,Pediatric Gauze,Description for Pediatric Gauze,$89.88,-343
ITEM0779,Pediatric Mask,Description for Pediatric Mask,$480.53,241
ITEM0780,Surgical IV Kit,Description for Surgical IV Kit,$414.39,458
ITEM0781,Pediatric Mask,Description for Pediatric Mask,$171.99,274
ITEM0782,Pediatric Syringe,Description for Pediatric Syringe,$346.49,233
ITEM0783,Surgical Gauze,Description for Surgical Gauze,$187.85,27
ITEM0784,General Use Mask,Description for General Use Mask,$180.72,341
ITEM0785,Disposable Gauze,Description for Disposable Gauze,$450.56,635
ITEM0786,General Use Syringe,Description for General Use Syringe,$477.27,848
ITEM0787,Pediatric Catheter,Description for Pediatric Catheter,$445.63,199
ITEM0788,Surgical Mask,Description for Surgical Mask,$186.57,234
ITEM0789,Sterile Gloves,Description for Sterile Gloves,$220.60,516
ITEM0790,Disposable Syringe,Description for Disposable Syringe,$486.88,122
ITEM0791,Pediatric Gauze,Description for Pediatric Gauze,$42.14,457
ITEM0792,Disposable Suture Kit,Description for Disposable Suture Kit,$375.61,890
ITEM0793,Sterile Gauze,Description for Sterile Gauze,$54.06,222
ITEM0794,Pediatric Syringe,Description for Pediatric Syringe,$189.03,133
ITEM0795,Sterile Suture Kit,Description for Sterile Suture Kit,$259.42,430
ITEM0796,Sterile Gloves,Description for Sterile Gloves,$394.59,-770
ITEM0797,Sterile IV Kit,Description for Sterile IV Kit,$479.07,886
ITEM0798,Pediatric Scalpel,Description for Pediatric Scalpel,$478.88,469
ITEM0799,Pediatric Bandage,Description for Pediatric Bandage,$58.49,30
ITEM0800,Pediatric Syringe,Description for Pediatric Syringe,$222.87,29
ITEM0801,General Use Gloves,Description for General Use Gloves,$380.11,229
ITEM0802,Disposable Gauze,Description for Disposable Gauze,$469.25,632
ITEM0803,Surgical IV Kit,Description for Surgical IV Kit,$169.79,640
ITEM0804,Sterile Syringe,Description for Sterile Syringe,$373.37,511
ITEM0805,Disposable Suture Kit,Description for Disposable Suture Kit,$181.97,730
ITEM0806,Sterile Bandage,Description for Sterile Bandage,$85.89,736
ITEM0807,General Use Mask,Description for General Use Mask,$162.07,836
ITEM0808,Surgical Gloves,Description for Surgical Gloves,$7.97,392
ITEM0809,General Use Catheter,Description for General Use Catheter,$177.22,207
ITEM0810,Sterile Scalpel,Description for Sterile Scalpel,$238.96,733
ITEM0811,Disposable Suture Kit,Description for Disposable Suture Kit,$49.99,789
ITEM0812,Pediatric Syringe,Description for Pediatric Syringe,$95.57,114
ITEM0813,Pediatric Gauze,Description for Pediatric Gauze,$195.82,586
ITEM0814,General Use Suture Kit,Description for General Use Suture Kit,$218.48,572
ITEM0815,Sterile Syringe,Description for Sterile Syringe,$472.04,73
ITEM0816,General Use Scalpel,Description for General Use Scalpel,$365.75,715
ITEM0817,Surgical Syringe,Description for Surgical Syringe,$225.59,905
ITEM0818,General Use Gloves,Description for General Use Gloves,$113.65,741
ITEM0819,General Use Gloves,Description for General Use Gloves,$52.46,364
ITEM0820,Pediatric Syringe,Description for Pediatric Syringe,$191.77,261
ITEM0821,Disposable Bandage,Description for Disposable Bandage,$318.58,883
ITEM0822,Disposable Catheter,Description for Disposable Catheter,$58.43,806
ITEM0823,Surgical Syringe,Description for Surgical Syringe,$388.10,52
ITEM0824,Pediatric Bandage,Description for Pediatric Bandage,$61.34,56
ITEM0825,General Use Bandage,Description for General Use Bandage,$237.27,860
ITEM0826,Surgical Scalpel,Description for Surgical Scalpel,$437.01,298
ITEM0827,Disposable Catheter,Description for Disposable Catheter,$249.66,358
ITEM0828,Disposable IV Kit,Description for Disposable IV Kit,$38.55,619
ITEM0829,Sterile Bandage,Description for Sterile Bandage,$91.06,144
ITEM0830,Surgical IV Kit,Description for Surgical IV Kit,$225.37,121
ITEM0831,Disposable Scalpel,Description for Disposable Scalpel,$117.95,368
ITEM0832,General Use Suture Kit,Description for General Use Suture Kit,$353.22,61
ITEM0833,Pediatric Scalpel,Description for Pediatric Scalpel,$446.86,595
ITEM0834,Sterile Scalpel,Description for Sterile Scalpel,$333.85,358
ITEM0835,Pediatric Suture Kit,Description for Pediatric Suture Kit,$222.61,343
ITEM0836,General Use Gauze,Description for General Use Gauze,$55.27,467
ITEM0837,Pediatric Gauze,Description for Pediatric Gauze,$208.06,729
ITEM0838,Disposable Syringe,Description for Disposable Syringe,$284.78,536
ITEM0839,Surgical Syringe,Description for Surgical Syringe,$29.25,162
ITEM0840,General Use IV Kit,Description for General Use IV Kit,$497.09,55
ITEM0841,Pediatric Suture Kit,Description for Pediatric Suture Kit,$56.69,156
ITEM0842,General Use Gauze,Description for General Use Gauze,$493.29,205
ITEM0843,Surgical Gloves,Description for Surgical Gloves,$145.27,306
ITEM0844,Disposable Syringe,Description for Disposable Syringe,$209.25,456
ITEM0845,Surgical Gloves,Description for Surgical Gloves,$471.82,478
ITEM0846,General Use Mask,Description for General Use Mask,$357.51,241
ITEM0847,Surgical Gauze,Description for Surgical Gauze,$172.56,750
ITEM0848,Pediatric IV Kit,Description for Pediatric IV Kit,$439.51,455
ITEM0849,General Use Gauze,Description for General Use Gauze,$152.32,959
ITEM0850,General Use Syringe,Description for General Use Syringe,$427.14,392
ITEM0851,Disposable Scalpel,Description for Disposable Scalpel,$358.04,459
ITEM0852,General Use Syringe,Description for General Use Syringe,$325.95,407
ITEM0853,Sterile Scalpel,Description for Sterile Scalpel,$357.36,697
ITEM0854,Disposable IV Kit,Description for Disposable IV Kit,$10.85,285
ITEM0855,Disposable Mask,Description for Disposable Mask,$466.86,822
ITEM0856,Disposable Gauze,Description for Disposable Gauze,$432.62,706
ITEM0857,Disposable Syringe,Description for Disposable Syringe,$205.78,267
ITEM0858,General Use Syringe,Description for General Use Syringe,$464.62,403
ITEM0859,General Use IV Kit,Description for General Use IV Kit,$129.01,565
ITEM0860,Disposable Syringe,Description for Disposable Syringe,$319.61,93
ITEM0861,Surgical Bandage,Description for Surgical Bandage,$397.75,406
ITEM0862,Sterile Bandage,Description for Sterile Bandage,$444.30,46
ITEM0863,Pediatric Gauze,Description for Pediatric Gauze,$82.11,901
ITEM0864,General Use Scalpel,Description for General Use Scalpel,$376.26,310
ITEM0865,Pediatric Suture Kit,Description for Pediatric Suture Kit,$221.16,874
ITEM0866,Surgical Mask,Description for Surgical Mask,$382.36,727
ITEM0867,General Use Mask,Description for General Use Mask,$264.51,677
ITEM0868,Pediatric Scalpel,Description for Pediatric Scalpel,$275.93,674
ITEM0869,Pediatric Gloves,Description for Pediatric Gloves,$53.35,883
ITEM0870,Pediatric Syringe,Description for Pediatric Syringe,$497.94,532
ITEM0871,Disposable Scalpel,Description for Disposable Scalpel,$371.68,-549
ITEM0872,Sterile Gauze,Description for Sterile Gauze,$245.56,525
ITEM0873,Disposable Scalpel,Description for Disposable Scalpel,$293.23,956
ITEM0874,General Use Catheter,Description for General Use Catheter,$222.62,492
ITEM0875,Pediatric Syringe,Description for Pediatric Syringe,$268.84,248
ITEM0876,Pediatric Bandage,Description for Pediatric Bandage,$449.61,995
ITEM0877,Pediatric Syringe,Description for Pediatric Syringe,$179.56,542
ITEM0878,Surgical Gauze,Description for Surgical Gauze,$132.51,617
ITEM0879,Disposable Gloves,Description for Disposable Gloves,$162.71,72
ITEM0880,Surgical Gauze,Description for Surgical Gauze,$406.58,126
ITEM0881,Disposable Suture Kit,Description for Disposable Suture Kit,$32.88,3
ITEM0882,Pediatric Suture Kit,Description for Pediatric Suture Kit,$479.06,906
ITEM0883,Surgical IV Kit,Description for Surgical IV Kit,$110.59,684
ITEM0884,Disposable Scalpel,Description for Disposable Scalpel,$257.72,322
ITEM0885,Disposable Syringe,Description for Disposable Syringe,$295.34,218
ITEM0886,Sterile Gloves,Description for Sterile Gloves,$63.58,616
ITEM0887,Pediatric Scalpel,Description for Pediatric Scalpel,$46.29,918
ITEM0888,Pediatric Scalpel,Description for Pediatric Scalpel,$365.13,890
ITEM0889,Pediatric Catheter,Description for Pediatric Catheter,$35.00,468
ITEM0890,Pediatric Scalpel,Description for Pediatric Scalpel,$52.62,222
ITEM0891,Sterile Syringe,Description for Sterile Syringe,$118.31,454
ITEM0892,General Use Syringe,Description for General Use Syringe,$178.50,966
ITEM0893,Surgical Gloves,Description for Surgical Gloves,$25.59,812
ITEM0894,Sterile IV Kit,Description for Sterile IV Kit,$164.76,453
ITEM0895,Sterile Suture Kit,Description for Sterile Suture Kit,$480.51,964
ITEM0896,Pediatric Gauze,Description for Pediatric Gauze,$120.27,655
ITEM0897,Surgical Gloves,Description for Surgical Gloves,$443.56,326
ITEM0898,Pediatric Gauze,Description for Pediatric Gauze,$215.80,273
ITEM0899,Sterile Gauze,Description for Sterile Gauze,$157.69,984
ITEM0900,Surgical Scalpel,Description for Surgical Scalpel,$417.78,962
ITEM0901,Surgical Mask,Description for Surgical Mask,$283.79,671
ITEM0902,Pediatric Scalpel,Description for Pediatric Scalpel,$26.67,-489
ITEM0903,Surgical Syringe,Description for Surgical Syringe,$384.96,459
ITEM0904,Surgical Suture Kit,Description for Surgical Suture Kit,$392.81,885
ITEM0905,Surgical IV Kit,Description for Surgical IV Kit,$319.94,353
ITEM0906,Sterile Scalpel,Description for Sterile Scalpel,$231.73,634
ITEM0907,Surgical Scalpel,Description for Surgical Scalpel,$196.08,151
ITEM0908,Pediatric Mask,Description for Pediatric Mask,$453.57,124
ITEM0909,Pediatric Scalpel,Description for Pediatric Scalpel,$120.68,456
ITEM0910,Surgical Syringe,Description for Surgical Syringe,$235.80,737
ITEM0911,Surgical IV Kit,Description for Surgical IV Kit,$164.68,611
ITEM0912,Sterile Mask,Description for Sterile Mask,$116.60,152
ITEM0913,Surgical Catheter,Description for Surgical Catheter,$290.87,34
ITEM0914,General Use Catheter,Description for General Use Catheter,$411.82,305
ITEM0915,Sterile Gloves,Description for Sterile Gloves,$262.76,468
ITEM0916,Surgical Catheter,Description for Surgical Catheter,$402.73,578
ITEM0917,Surgical Suture Kit,Description for Surgical Suture Kit,$121.31,431
ITEM0918,Pediatric Mask,Description for Pediatric Mask,$455.12,573
ITEM0919,Sterile Gauze,Description for Sterile Gauze,$436.09,825
ITEM0920,Surgical Catheter,Description for Surgical Catheter,$236.93,819
ITEM0921,General Use Catheter,Description for General Use Catheter,$96.30,545
ITEM0922,Pediatric Bandage,Description for Pediatric Bandage,$175.07,595
ITEM0923,Sterile Bandage,Description for Sterile Bandage,$269.83,302
ITEM0924,General Use Gauze,Description for General Use Gauze,$149.58,567
ITEM0925,Surgical Bandage,Description for Surgical Bandage,$375.17,278
ITEM0926,Sterile Suture Kit,Description for Sterile Suture Kit,$279.97,16
ITEM0927,General Use Scalpel,Description for General Use Scalpel,$276.36,698
ITEM0928,Pediatric Gauze,Description for Pediatric Gauze,$73.68,851
ITEM0929,General Use Catheter,Description for General Use Catheter,$384.02,304
ITEM0930,Disposable Gauze,Description for Disposable Gauze,$33.07,318
ITEM0931,Pediatric IV Kit,Description for Pediatric IV Kit,$458.69,791
ITEM0932,Surgical Catheter,Description for Surgical Catheter,$179.41,575
ITEM0933,Pediatric Gauze,Description for Pediatric Gauze,$143.12,607
ITEM0934,General Use Gauze,Description for General Use Gauze,$285.78,522
ITEM0935,General Use Mask,Description for General Use Mask,$313.55,179
ITEM0936,General Use Catheter,Description for General Use Catheter,$137.15,680
ITEM0937,Sterile IV Kit,Description for Sterile IV Kit,$43.80,201
ITEM0938,Pediatric Syringe,Description for Pediatric Syringe,$108.43,196
ITEM0939,Sterile IV Kit,Description for Sterile IV Kit,$406.05,981
ITEM0940,Pediatric Mask,Description for Pediatric Mask,$168.03,88
ITEM0941,Surgical Gloves,Description for Surgical Gloves,$215.05,904
ITEM0942,Disposable Suture Kit,Description for Disposable Suture Kit,$438.77,678
ITEM0943,Surgical Suture Kit,Description for Surgical Suture Kit,$154.47,-699
ITEM0944,Pediatric Suture Kit,Description for Pediatric Suture Kit,$480.25,838
ITEM0945,Disposable Mask,Description for Disposable Mask,$14.19,236
ITEM0946,Disposable Catheter,Description for Disposable Catheter,$58.55,728
ITEM0947,Surgical Syringe,Description for Surgical Syringe,$86.03,5
ITEM0948,Sterile Gauze,Description for Sterile Gauze,$253.09,819
ITEM0949,Disposable Gauze,Description for Disposable Gauze,$217.07,323
ITEM0950,Sterile IV Kit,Description for Sterile IV Kit,$403.01,969
ITEM0951,Pediatric Suture Kit,Description for Pediatric Suture Kit,$330.22,7
ITEM0952,Sterile Catheter,Description for Sterile Catheter,$90.00,956
ITEM0953,Surgical Scalpel,Description for Surgical Scalpel,$176.65,486
ITEM0954,Sterile Catheter,Description for Sterile Catheter,$274.98,94
ITEM0955,Disposable Bandage,Description for Disposable Bandage,$395.46,244
ITEM0956,Sterile Syringe,Description for Sterile Syringe,$174.25,435
ITEM0957,Pediatric Gloves,Description for Pediatric Gloves,$247.02,995
ITEM0958,Pediatric Syringe,Description for Pediatric Syringe,$477.59,953
ITEM0959,General Use Mask,Description for General Use Mask,$335.29,592
ITEM0960,Sterile Gauze,Description for Sterile Gauze,$78.60,195
ITEM0961,Pediatric Catheter,Description for Pediatric Catheter,$78.93,553
ITEM0962,Disposable Mask,Description for Disposable Mask,$6.23,484
ITEM0963,Pediatric Scalpel,Description for Pediatric Scalpel,$36.93,49
ITEM0964,General Use Scalpel,Description for General Use Scalpel,$397.10,387
ITEM0965,Pediatric Syringe,Description for Pediatric Syringe,$192.55,573
ITEM0966,General Use Catheter,Description for General Use Catheter,$499.57,89
ITEM0967,Sterile Catheter,Description for Sterile Catheter,$484.02,489
ITEM0968,General Use Gauze,Description for General Use Gauze,$124.86,484
ITEM0969,Surgical Mask,Description for Surgical Mask,$44.73,70
ITEM0970,Surgical Bandage,Description for Surgical Bandage,$26.32,181
ITEM0971,Sterile Gauze,Description for Sterile Gauze,$478.21,990
ITEM0972,Disposable Catheter,Description for Disposable Catheter,$213.36,694
ITEM0973,General Use Gloves,Description for General Use Gloves,$436.17,482
ITEM0974,Disposable Syringe,Description for Disposable Syringe,$208.67,491
ITEM0975,Sterile Gloves,Description for Sterile Gloves,$249.25,545
ITEM0976,Pediatric Syringe,Description for Pediatric Syringe,$44.24,753
ITEM0977,Pediatric Gauze,Description for Pediatric Gauze,$160.30,197
ITEM0978,General Use Suture Kit,Description for General Use Suture Kit,$184.05,155
ITEM0979,Disposable Mask,Description for Disposable Mask,$285.24,502
ITEM0980,Disposable Mask,Description for Disposable Mask,$424.14,983
ITEM0981,Pediatric Gloves,Description for Pediatric Gloves,$406.42,299
ITEM0982,Disposable Scalpel,Description for Disposable Scalpel,$30.82,628
ITEM0983,Disposable IV Kit,Description for Disposable IV Kit,$258.48,464
ITEM0984,General Use Suture Kit,Description for General Use Suture Kit,$264.29,177
ITEM0985,General Use Scalpel,Description for General Use Scalpel,$350.21,152
ITEM0986,Pediatric Syringe,Description for Pediatric Syringe,$34.50,984
ITEM0987,Surgical IV Kit,Description for Surgical IV Kit,$409.30,97
ITEM0988,Sterile Suture Kit,Description for Sterile Suture Kit,$252.70,645
ITEM0989,Surgical Gauze,Description for Surgical Gauze,$320.51,466
ITEM0990,Sterile Catheter,Description for Sterile Catheter,$213.80,192
ITEM0991,Surgical Syringe,Description for Surgical Syringe,$55.51,991
ITEM0992,General Use Suture Kit,Description for General Use Suture Kit,$30.86,530
ITEM0993,Disposable Catheter,Description for Disposable Catheter,$40.02,-291
ITEM0994,Surgical Bandage,Description for Surgical Bandage,$220.46,323
ITEM0995,Surgical IV Kit,Description for Surgical IV Kit,$238.36,177
ITEM0996,Sterile Suture Kit,Description for Sterile Suture Kit,$113.93,376
ITEM0997,Disposable Catheter,Description for Disposable Catheter,$76.72,747
ITEM0998,Disposable Mask,Description for Disposable Mask,$67.62,627
ITEM0999,Pediatric Catheter,Description for Pediatric Catheter,$29.20,559
ITEM1000,Disposable Gauze,Description for Disposable Gauze,$362.48,219
